{
  "K": 20.0,
  "T": 1.0,
  "r": 0.035,
  "sigmas": [
    0.20114052760915366,
    0.24479547749720404,
    0.2750460950941812
  ],
  "rho": [
    [
      1.0,
      0.34287822346867325,
      0.18727069544703281
    ],
    [
      0.34287822346867325,
      1.0,
      -0.11054536514484176
    ],
    [
      0.18727069544703281,
      -0.11054536514484176,
      1.0
    ]
  ],
  "N_data": 100,
  "S0": [
    28.29523517048326,
    20.602793993141404,
    17.0712736697533
  ],
  "noise_variance": 0.1
}