{
  "K": 20.0,
  "T": 1.0,
  "r": 0.035,
  "sigmas": [
    0.31239347749060664,
    0.1617158068452643,
    0.21778452972562512
  ],
  "rho": [
    [
      1.0,
      0.2525663603399998,
      0.18237357263947815
    ],
    [
      0.2525663603399998,
      1.0,
      -0.1993223844786572
    ],
    [
      0.18237357263947815,
      -0.1993223844786572,
      1.0
    ]
  ],
  "N_data": 100,
  "S0": [
    26.42523825008921,
    28.316300593461236,
    24.373072835418462
  ],
  "noise_variance": 0.1
}